 PEER Ground Motion Database, Time Series Search Report -- NGA-West2 -- 2022-01-12,,,,,,,,,,,,,,,,,,,,,,,,,,,,,
,,,,,,,,,,,,,,,,,,,,,,,,,,,,,,
,,,,,,,,,,,,,,,,,,,,,,,,,,,,,,
 -- Summary of PEER Ground Motion Database Search Criteria --,,,,,,,,,,,,,,,,,,,,,,,,,,,,,,
Magnitude Min:,6.7,,,,,,,,,,,,,,,,,,,,,,,,,,,,,
Magnitude Max:,8,,,,,,,,,,,,,,,,,,,,,,,,,,,,,
Rrup Min (km):,10,,,,,,,,,,,,,,,,,,,,,,,,,,,,,
Rrup Max (km):,30,,,,,,,,,,,,,,,,,,,,,,,,,,,,,
Rjb Min (km):,10,,,,,,,,,,,,,,,,,,,,,,,,,,,,,
Rjb Max (km):,30,,,,,,,,,,,,,,,,,,,,,,,,,,,,,
Vs30 Min (m/sec):,360,,,,,,,,,,,,,,,,,,,,,,,,,,,,,
Vs30 Max (m/sec):,760,,,,,,,,,,,,,,,,,,,,,,,,,,,,,
D9-95 Min (sec):,15,,,,,,,,,,,,,,,,,,,,,,,,,,,,,
D9-95 Max (sec):,60,,,,,,,,,,,,,,,,,,,,,,,,,,,,,
Scale Factor Min:,-1.00E-06,,,,,,,,,,,,,,,,,,,,,,,,,,,,,
Scale Factor Max:,99999,,,,,,,,,,,,,,,,,,,,,,,,,,,,,
Period Array:,0.1,1,3,,,,,,,,,,,,,,,,,,,,,,,,,,,
Weight Array:,1,1,1,,,,,,,,,,,,,,,,,,,,,,,,,,,
Record Sequence Number:, ,,,,,,,,,,,,,,,,,,,,,,,,,,,,,
Earthquake Name:, ,,,,,,,,,,,,,,,,,,,,,,,,,,,,,
Station Name:, ,,,,,,,,,,,,,,,,,,,,,,,,,,,,,
User-Defined Maximum Number of Records:, ,,,,,,,,,,,,,,,,,,,,,,,,,,,,,
Pulse:,1,,,,,,,,,,,,,,,,,,,,,,,,,,,,,
Damping Ratio:,0.05,,,,,,,,,,,,,,,,,,,,,,,,,,,,,
Scaling Method:, Minimize MSE,,,,,,,,,,,,,,,,,,,,,,,,,,,,,
Suite Average:, Arithmetic,,,,,,,,,,,,,,,,,,,,,,,,,,,,,
Single-Period-Scaling Period (sec):, ,,,,,,,,,,,,,,,,,,,,,,,,,,,,,
Component:, SRSS,,,,,,,,,,,,,,,,,,,,,,,,,,,,,
Fault Type:, Strike Slip (SS),,,,,,,,,,,,,,,,,,,,,,,,,,,,,
,,,,,,,,,,,,,,,,,,,,,,,,,,,,,,
,,,,,,,,,,,,,,,,,,,,,,,,,,,,,,
 -- Summary of Metadata of Selected Records --,,,,,,,,,,,,,,,,,,,,,,,,,,,,,,
Result ID, Spectral Ordinate, Record Sequence Number, Mean Squared Error, Scale Factor, Tp-Pulse Period (sec), 5-75% Duration (sec), 5-95% Duration (sec), Arias Intensity (m/sec), Earthquake Name, Year, Station Name, Magnitude, Mechanism, Rjb (km), Rrup (km), Vs30 (m/sec), Lowest Useable Frequency (Hz), Initial-search Scale Factor, Horizontal-1 Acc. Filename, Horizontal-2 Acc. Filename, Vertical Acc. Filename,,,,,,,,,
1, SRSS,864,0.2034,1.4457, -,21.7,27.1,2.3," ""Landers""",1992," ""Joshua Tree""",7.28, strike slip,11.03,11.03,379.32,0.07,1.5578, RSN864_LANDERS_JOS000.AT2, RSN864_LANDERS_JOS090.AT2 , RSN864_LANDERS_JOS-UP.AT2  ,,,,,,,,,
2, SRSS,881,0.2238,2.0149, -,19.1,31.9,1.2," ""Landers""",1992," ""Morongo Valley Fire Station""",7.28, strike slip,17.36,17.36,396.41,0.25,2.1712, RSN881_LANDERS_MVH045.AT2, RSN881_LANDERS_MVH135.AT2 , RSN881_LANDERS_MVH-UP.AT2  ,,,,,,,,,
3, SRSS,1614,0.1373,4.0546, -,9.7,15.5,0.2," ""Duzce_ Turkey""",1999," ""Lamont 1061""",7.14, strike slip,11.46,11.46,481,0.0875,4.369, RSN1614_DUZCE_1061-N.AT2, RSN1614_DUZCE_1061-E.AT2 , RSN1614_DUZCE_1061-V.AT2  ,,,,,,,,,
4, SRSS,1616,0.2028,11.8094, -,14.6,20.5,0," ""Duzce_ Turkey""",1999," ""Lamont 362""",7.14, strike slip,23.41,23.41,517,0.075,12.7253, RSN1616_DUZCE_362-N.AT2, RSN1616_DUZCE_362-E.AT2 , RSN1616_DUZCE_362-V.AT2  ,,,,,,,,,
5, SRSS,1633,0.0496,0.8316, -,10.8,29.1,7.5," ""Manjil_ Iran""",1990," ""Abbar""",7.37, strike slip,12.55,12.55,723.95,0.13,0.8961, RSN1633_MANJIL_ABBAR--L.AT2, RSN1633_MANJIL_ABBAR--T.AT2 , RSN1633_MANJIL_ABBAR--V.AT2  ,,,,,,,,,
6, SRSS,3753,0.2349,2.2173, -,22.7,29.6,1.2," ""Landers""",1992," ""Fun Valley""",7.28, strike slip,25.02,25.02,388.63,0.0625,2.3893, RSN3753_LANDERS_FVR045.AT2, RSN3753_LANDERS_FVR135.AT2 , RSN3753_LANDERS_FVR-UP.AT2  ,,,,,,,,,
7, SRSS,3757,0.0742,2.885, -,25,35.9,0.7," ""Landers""",1992," ""North Palm Springs Fire Sta #36""",7.28, strike slip,26.95,26.95,367.84,0.1125,3.1087, RSN3757_LANDERS_NPF090.AT2, RSN3757_LANDERS_NPF180.AT2 , RSN3757_LANDERS_NPF-UP.AT2  ,,,,,,,,,
8, SRSS,3759,0.0924,3.9499, -,23.2,33.4,0.6," ""Landers""",1992," ""Whitewater Trout Farm""",7.28, strike slip,27.05,27.05,425.02,0.375,4.2562, RSN3759_LANDERS_WWT180.AT2, RSN3759_LANDERS_WWT270.AT2 , RSN3759_LANDERS_WWT-UP.AT2  ,,,,,,,,,
9, SRSS,6915,0.4334,1.336, -,8.5,15.7,4.1," ""Darfield_ New Zealand""",2010," ""Heathcote Valley Primary School """,7, strike slip,24.36,24.47,422,0.075,1.4397, RSN6915_DARFIELD_HVSCS26W.AT2, RSN6915_DARFIELD_HVSCS64E.AT2 , RSN6915_DARFIELD_HVSCUP.AT2  ,,,,,,,,,
10, SRSS,6971,0.131,2.1737, -,16.1,22.7,1," ""Darfield_ New Zealand""",2010," ""SPFS""",7, strike slip,29.86,29.86,389.54,0.0375,2.3422, RSN6971_DARFIELD_SPFSN17E.AT2, RSN6971_DARFIELD_SPFSN73W.AT2 , RSN6971_DARFIELD_SPFSUP.AT2  ,,,,,,,,,
,,,,,,,,,,,,,,,,,,,,,,,,,,,,,,
 These records were obtained from the NGA-West2 On-Line Ground-Motion Database Tool,,,,,,,,,,,,,,,,,,,,,,,,,,,,,,
 These records are UNSCALED, AS RECORDED,,,,,,,,,,,,,,,,,,,,,,,,,,,,,
 Filename Extension: ,,,,,,,,,,,,,,,,,,,,,,,,,,,,,,
   ,AT2 = Acceleration,,,,,,,,,,,,,,,,,,,,,,,,,,,,,
   ,VT2 = Velocity,,,,,,,,,,,,,,,,,,,,,,,,,,,,,
   ,DT2 = Displacement,,,,,,,,,,,,,,,,,,,,,,,,,,,,,
 The users of the NGA-West2 databases, flatfiles, models and reports are requested to acknowledge the Pacific Earthquake Engineering Research Center (PEER) in their work and publications.,,,,,,,,,,,,,,,,,,,,,,,,,,,,
,,,,,,,,,,,,,,,,,,,,,,,,,,,,,,
 -- Scaled Spectra used in Search & Scaling --,,,,,,,,,,,,,,,,,,,,,,,,,,,,,,
Period (sec),Target pSa (g),Arithmetic Mean pSa (g),Arithmetic Mean + Sigma pSa (g),Arithmetic Mean - Sigma pSa (g),RSN-864 SRSS pSa (g),RSN-881 SRSS pSa (g),RSN-1614 SRSS pSa (g),RSN-1616 SRSS pSa (g),RSN-1633 SRSS pSa (g),RSN-3753 SRSS pSa (g),RSN-3757 SRSS pSa (g),RSN-3759 SRSS pSa (g),RSN-6915 SRSS pSa (g),RSN-6971 SRSS pSa (g),,,,,,,,,,,,,,,,
0.01,0.74433468,0.66003232,0.85663052,0.50855375,0.57269332,0.55830729,0.68217224,0.62437453,0.60444634,0.66346018,0.56645952,0.69087028,1.14525228,0.49228726,,,,,,,,,,,,,,,,
0.02,0.85826936,0.66638095,0.86959463,0.51065582,0.57683084,0.56455499,0.67662318,0.62427657,0.60729462,0.66844938,0.57514831,0.71074627,1.16686673,0.49301856,,,,,,,,,,,,,,,,
0.022,0.88105629,0.67609415,0.89554959,0.51041652,0.5774543,0.56760778,0.67742826,0.6265488,0.63810857,0.6679191,0.57725237,0.71602039,1.21645761,0.49614436,,,,,,,,,,,,,,,,
0.025,0.9152367,0.68435838,0.90475885,0.51764776,0.57559951,0.56657525,0.68001715,0.62521013,0.70234839,0.66920173,0.57980306,0.73015308,1.21955928,0.49511624,,,,,,,,,,,,,,,,
0.029,0.96081057,0.68830178,0.91135944,0.51983807,0.57462644,0.56453398,0.68376633,0.63531802,0.7251861,0.67276248,0.57907631,0.72464523,1.22717496,0.49592791,,,,,,,,,,,,,,,,
0.03,0.97220404,0.69473845,0.92037591,0.52441781,0.5751431,0.56840936,0.68328509,0.63317061,0.75085573,0.67159479,0.58279619,0.75126243,1.23279963,0.4980676,,,,,,,,,,,,,,,,
0.032,0.99499097,0.70042991,0.92869693,0.52826927,0.57531325,0.57153204,0.68037665,0.63690335,0.74488469,0.67521523,0.59614421,0.76952969,1.24660906,0.50779089,,,,,,,,,,,,,,,,
0.035,1.02917138,0.70461481,0.95807572,0.51820751,0.57638931,0.58020256,0.69356384,0.64842055,0.66731443,0.67552908,0.58704395,0.7869888,1.31653795,0.51415767,,,,,,,,,,,,,,,,
0.036,1.04056484,0.70809216,0.96599719,0.51904344,0.57721966,0.59127052,0.69801029,0.64620022,0.68667625,0.67059353,0.58432534,0.78525389,1.33021571,0.51115617,,,,,,,,,,,,,,,,
0.04,1.08613872,0.71251534,0.96604943,0.5255198,0.57426505,0.6059241,0.70466273,0.64217613,0.67057797,0.67880112,0.59367154,0.82998085,1.3151177,0.50997619,,,,,,,,,,,,,,,,
0.042,1.10892565,0.72760682,1.01074842,0.52378186,0.57743442,0.61606203,0.70864229,0.64731995,0.69136368,0.68009868,0.59359509,0.86829265,1.38984615,0.50341325,,,,,,,,,,,,,,,,
0.044,1.13171259,0.73431874,1.01724195,0.53008433,0.5808585,0.61944425,0.71393869,0.66792,0.71763996,0.68938013,0.57342801,0.87008307,1.39509645,0.51539837,,,,,,,,,,,,,,,,
0.045,1.14310606,0.73452424,1.00818678,0.53514475,0.58091007,0.62611611,0.71717416,0.68883513,0.71756045,0.69453411,0.56355823,0.8695609,1.37166795,0.51532533,,,,,,,,,,,,,,,,
0.046,1.15449952,0.74502381,1.02616483,0.54090772,0.58030281,0.62924384,0.7143948,0.70105337,0.75503436,0.69977153,0.58650022,0.8708454,1.39981531,0.51327645,,,,,,,,,,,,,,,,
0.048,1.17728646,0.7587378,1.06333351,0.54139462,0.57831844,0.63089609,0.69521975,0.70369041,0.81541157,0.71078188,0.62887527,0.83811555,1.47331737,0.51275164,,,,,,,,,,,,,,,,
0.05,1.20007339,0.77318332,1.09716148,0.54487189,0.57750985,0.60809781,0.70983524,0.7022863,0.87985632,0.7140751,0.66320336,0.83000994,1.52452896,0.52243036,,,,,,,,,,,,,,,,
0.055,1.25704073,0.81707808,1.15785752,0.57659649,0.58064689,0.58938822,0.78507697,0.74571359,1.14837463,0.71563204,0.69580705,0.87225387,1.50787358,0.53001392,,,,,,,,,,,,,,,,
0.06,1.31400807,0.82364626,1.16923372,0.58020322,0.58541229,0.6070609,0.82410318,0.6921177,1.1454094,0.71501944,0.72025332,0.89988828,1.52359601,0.52360209,,,,,,,,,,,,,,,,
0.065,1.37097541,0.88041855,1.32405207,0.58542775,0.58028601,0.62273153,0.85091002,0.68862038,1.36949617,0.70742096,0.775319,0.93250615,1.72175195,0.55514331,,,,,,,,,,,,,,,,
0.067,1.39376235,0.90208734,1.37718003,0.59088975,0.57971327,0.61974011,0.84423975,0.71494392,1.42423566,0.71331816,0.80290559,0.95573695,1.79774389,0.56829609,,,,,,,,,,,,,,,,
0.07,1.42794275,0.93364028,1.42958668,0.6097456,0.5902332,0.61795982,0.84313043,0.73806539,1.37458389,0.73144328,0.85850537,1.1202239,1.888954,0.57330357,,,,,,,,,,,,,,,,
0.075,1.48491009,0.9713811,1.4909372,0.63287792,0.58842477,0.59735705,0.82641942,0.806599,1.45969525,0.76955167,0.83741263,1.29998197,1.90479371,0.6235755,,,,,,,,,,,,,,,,
0.08,1.54187743,0.99899384,1.53987948,0.64809532,0.58269275,0.58202847,0.85963107,0.82695614,1.63220098,0.78491426,0.88981969,1.28330215,1.89926861,0.64912425,,,,,,,,,,,,,,,,
0.085,1.576,1.07294386,1.69630505,0.67865654,0.59405659,0.60109883,0.87808397,0.77930012,1.94565853,0.84359552,1.04448128,1.39262595,1.95557311,0.69496466,,,,,,,,,,,,,,,,
0.09,1.576,1.10210118,1.69816589,0.71525816,0.593075,0.59713489,0.91927482,0.77589988,1.84606059,0.87505687,1.17458677,1.51325837,1.95515525,0.77150935,,,,,,,,,,,,,,,,
0.095,1.576,1.12881724,1.70185155,0.74873062,0.5856065,0.63456966,0.8636381,0.84604349,1.52462191,0.95557238,1.29261349,1.78083593,1.98103844,0.82363254,,,,,,,,,,,,,,,,
0.1,1.576,1.13503716,1.73391121,0.74300768,0.60408006,0.61837215,0.96125193,0.81280155,1.3951029,0.95997541,1.20770807,1.72139006,2.19172814,0.8779613,,,,,,,,,,,,,,,,
0.11,1.576,1.26351979,2.07884217,0.76796703,0.68259033,0.6836598,1.02751909,0.86278123,1.61387006,1.08165812,1.08853439,1.9392731,2.77325637,0.88205537,,,,,,,,,,,,,,,,
0.12,1.576,1.26465911,2.00846431,0.79631122,0.65456847,0.75452896,1.13146108,0.85584069,1.95645719,0.99134845,1.05759532,2.06740338,2.34838719,0.82900035,,,,,,,,,,,,,,,,
0.13,1.576,1.38538258,2.4364242,0.78774661,0.67031775,0.76780382,1.26639196,0.78389181,1.9452849,1.0802974,1.14113136,1.90247419,3.36289743,0.93333519,,,,,,,,,,,,,,,,
0.133,1.576,1.41104546,2.53484999,0.78547027,0.68726274,0.76821358,1.22321307,0.80024238,2.03587558,1.08789638,1.15783431,1.82426235,3.54859127,0.97706297,,,,,,,,,,,,,,,,
0.14,1.576,1.44272989,2.47532901,0.84088601,0.70818995,0.74554138,1.30797362,0.87883133,2.01426538,1.19423342,1.29044739,1.8337558,3.4331344,1.02092624,,,,,,,,,,,,,,,,
0.15,1.576,1.40569597,2.24613445,0.87972523,0.66597536,0.76616472,1.39914957,0.86007574,2.08800153,1.31157437,1.32207827,1.68395168,2.94644113,1.0135473,,,,,,,,,,,,,,,,
0.16,1.576,1.47883432,2.26563491,0.96527068,0.8189646,0.80985885,1.72959657,0.89589311,2.07512636,1.39800293,1.39214785,1.62657709,2.94705183,1.09512402,,,,,,,,,,,,,,,,
0.17,1.576,1.51395549,2.27169624,1.00896466,0.86818821,0.83069336,1.82349624,0.88751927,1.9781331,1.53941212,1.47747014,1.712899,2.91957123,1.10217224,,,,,,,,,,,,,,,,
0.18,1.576,1.57598677,2.37528377,1.04565793,0.95709428,0.95210634,1.72721945,0.93484674,2.06718256,1.69257786,1.48544601,1.63972325,3.16263585,1.14103538,,,,,,,,,,,,,,,,
0.19,1.576,1.62825693,2.60692458,1.01699169,1.02570038,0.98075982,1.72510528,1.01642246,1.87892731,1.89964958,1.39870685,1.56229126,3.68784663,1.10715975,,,,,,,,,,,,,,,,
0.2,1.576,1.66284752,2.55962956,1.08025861,0.92105257,0.97063038,2.0722713,1.13278318,1.81894811,2.10379023,1.32532694,1.79302343,3.39381414,1.09683491,,,,,,,,,,,,,,,,
0.22,1.576,1.70160373,2.41184953,1.20051239,1.09812394,0.99504211,2.51100484,1.33789489,1.53942371,1.7409199,1.45123084,2.06997225,2.93254163,1.33988314,,,,,,,,,,,,,,,,
0.24,1.576,1.67503655,2.28273042,1.22911905,1.29324396,0.96109851,2.28284029,1.16194398,1.32244805,1.62044934,1.60861159,1.91759402,2.76571706,1.81641871,,,,,,,,,,,,,,,,
0.25,1.576,1.68081981,2.29931571,1.22869392,1.31287401,1.01294223,2.35834777,1.06272265,1.37521639,1.64201824,1.5086952,2.00537,2.73334106,1.79667058,,,,,,,,,,,,,,,,
0.26,1.576,1.65573311,2.18390329,1.25529923,1.25876889,1.07738053,2.23408116,1.183953,1.42576478,1.75100794,1.35136775,2.15934113,2.45832486,1.65734103,,,,,,,,,,,,,,,,
0.28,1.576,1.62371325,2.2068542,1.19466193,1.22425029,1.05308292,2.1439352,1.24967418,1.4368706,2.32646083,1.17408638,1.91254203,2.43364493,1.28258509,,,,,,,,,,,,,,,,
0.29,1.576,1.71764231,2.46498132,1.19688335,1.30200579,1.12606567,2.50079699,1.20677889,1.48383374,2.72192117,1.16221609,1.76660115,2.64870954,1.25749405,,,,,,,,,,,,,,,,
0.3,1.576,1.76663146,2.66585208,1.17072764,1.41483199,1.1149182,2.86274181,1.1455575,1.48926246,2.97590247,1.1593101,1.70971348,2.6724369,1.12163968,,,,,,,,,,,,,,,,
0.32,1.576,1.8475759,2.91900814,1.16941665,1.55897689,1.05152737,3.36363244,1.02599253,1.36241617,2.66385313,1.27127888,1.66253709,3.21842056,1.29712393,,,,,,,,,,,,,,,,
0.34,1.576,1.77588854,2.77778394,1.13535832,1.29515878,1.02443918,3.12746963,0.993842,1.61070023,2.26770952,1.23013268,1.33258975,3.28574021,1.59110342,,,,,,,,,,,,,,,,
0.35,1.576,1.72595593,2.67406221,1.11400695,1.18797791,1.07209156,2.84950562,1.00450598,1.60653953,2.15600893,1.23099022,1.34402325,3.32614947,1.48176686,,,,,,,,,,,,,,,,
0.36,1.576,1.62514742,2.47721448,1.06615885,1.13425349,1.16997726,2.51700531,0.94936363,1.50053231,1.97027471,1.18816293,1.31628335,3.19723737,1.30838384,,,,,,,,,,,,,,,,
0.38,1.576,1.37655397,1.89506292,0.99991446,1.10338825,1.2783531,1.89251593,0.86095201,1.26432428,1.6110211,1.09074755,1.08365844,2.3996503,1.18092871,,,,,,,,,,,,,,,,
0.4,1.576,1.26579442,1.51741818,1.05589582,1.27008528,1.32930467,1.4934183,0.93088779,1.22708708,1.35609766,1.13687266,1.03986909,1.7708031,1.10351859,,,,,,,,,,,,,,,,
0.42,1.55714286,1.21503114,1.37032766,1.07733406,1.30845086,1.36905515,1.33988825,1.05753008,1.08610693,1.30399909,0.99074281,1.09877135,1.43689293,1.15887391,,,,,,,,,,,,,,,,
0.44,1.48636364,1.19527462,1.36656255,1.04545629,1.20723355,1.37392516,1.25727361,1.1752105,1.01611695,1.46433487,0.92514011,1.0136156,1.23646155,1.28343429,,,,,,,,,,,,,,,,
0.45,1.45333333,1.1946661,1.37802903,1.03570176,1.18180368,1.41388865,1.21704132,1.18079489,1.00769916,1.47557156,0.96138484,0.95392463,1.24426136,1.31029091,,,,,,,,,,,,,,,,
0.46,1.42173913,1.20466935,1.3798062,1.05176237,1.23571584,1.45044333,1.2570233,1.15962572,0.99097712,1.41089347,0.99334457,0.98013308,1.2327537,1.33578336,,,,,,,,,,,,,,,,
0.48,1.3625,1.20419303,1.39191548,1.04178801,1.2530395,1.54963171,1.27931339,1.1330754,0.94809057,1.28974902,1.01387544,1.0261233,1.17157226,1.37745973,,,,,,,,,,,,,,,,
0.5,1.308,1.21662455,1.4677744,1.00844878,1.1600149,1.74473962,1.21209096,1.12043789,0.94927273,1.32028692,0.93685994,1.04711108,1.26232779,1.4131037,,,,,,,,,,,,,,,,
0.55,1.18909091,1.2497872,1.71664628,0.90989511,0.9551058,2.1796404,0.80622248,1.0616119,0.80057254,1.41794984,1.03033935,1.51910845,1.28229576,1.44502551,,,,,,,,,,,,,,,,
0.6,1.09,1.23189686,1.81294071,0.83707639,1.18105572,2.36941917,0.57702378,1.12906722,0.77009695,1.62865543,1.01547149,1.442896,0.97163777,1.23364508,,,,,,,,,,,,,,,,
0.65,1.00615385,1.24140393,1.80737578,0.8526637,1.49188482,2.03383208,0.607013,1.28671806,0.76435145,1.87856818,0.88751184,1.33068833,0.71212565,1.42134588,,,,,,,,,,,,,,,,
0.667,0.98050975,1.2406076,1.83106221,0.8405543,1.57483844,1.88375233,0.64466203,1.29482601,0.74923062,2.02551846,0.85065485,1.32617219,0.61472294,1.4416981,,,,,,,,,,,,,,,,
0.7,0.93428571,1.21708452,1.85474072,0.79865327,1.73529711,1.6538035,0.62475005,1.30426697,0.7695247,2.15784741,0.761773,1.34069643,0.51360961,1.30927643,,,,,,,,,,,,,,,,
0.75,0.872,1.10072238,1.63580908,0.74066697,1.59680724,1.33056915,0.58448489,1.26366626,0.74017662,1.77156921,0.65706349,1.24232483,0.44114571,1.37941639,,,,,,,,,,,,,,,,
0.8,0.8175,0.99730117,1.40941747,0.70568845,1.37855498,0.91794206,0.66366245,1.34590501,0.67538848,1.37464177,0.6792736,1.15305143,0.4384697,1.34612223,,,,,,,,,,,,,,,,
0.85,0.76941176,0.95230522,1.34450083,0.67451445,1.33032078,0.80036372,0.74989684,1.37894666,0.58561718,1.20899862,0.7611539,0.9858531,0.39454623,1.32735521,,,,,,,,,,,,,,,,
0.9,0.72666667,0.89236248,1.24012232,0.64212278,1.2387818,0.81760056,0.79563714,1.40257314,0.52750906,1.05064376,0.74992815,0.83820041,0.40065589,1.10209491,,,,,,,,,,,,,,,,
0.95,0.68842105,0.82249493,1.13364017,0.59674836,1.09739571,0.76522504,0.71866824,1.3687366,0.53738401,0.80876753,0.83005597,0.78736241,0.36415491,0.94719888,,,,,,,,,,,,,,,,
1,0.654,0.77325758,1.06152248,0.56327332,0.96141498,0.6456237,0.68164176,1.27088014,0.53796365,0.71034678,0.77526651,0.73167098,0.37480699,1.04296031,,,,,,,,,,,,,,,,
1.1,0.59454545,0.69139811,1.0059956,0.47518235,1.13832545,0.61050172,0.584497,1.03873685,0.43922792,0.51968525,0.74566086,0.5941052,0.29093211,0.95230875,,,,,,,,,,,,,,,,
1.2,0.545,0.60161295,0.93557703,0.38686086,1.13472582,0.64528425,0.52822414,0.89250391,0.32069908,0.41571493,0.72194662,0.38812747,0.23092182,0.73798144,,,,,,,,,,,,,,,,
1.3,0.50307692,0.56063836,0.86659296,0.36270243,0.94775049,0.64321598,0.52790325,0.90627815,0.31559203,0.36701957,0.68682794,0.33014519,0.19222679,0.68942419,,,,,,,,,,,,,,,,
1.4,0.46714286,0.52856609,0.81807817,0.34151029,0.70802873,0.72187786,0.51979146,0.8871554,0.388176,0.29196921,0.62802601,0.28503445,0.13660812,0.71899366,,,,,,,,,,,,,,,,
1.5,0.436,0.5178439,0.81502791,0.32902223,0.62019874,0.79112736,0.43922191,0.88433335,0.40879756,0.31417373,0.66830239,0.27188801,0.11012773,0.67026819,,,,,,,,,,,,,,,,
1.6,0.40875,0.49766931,0.78422354,0.3158216,0.59172532,0.84193113,0.44028413,0.88123093,0.42292097,0.31244686,0.52206942,0.28924145,0.11478076,0.56006209,,,,,,,,,,,,,,,,
1.7,0.38470588,0.44673327,0.6813924,0.29288648,0.5285216,0.76754377,0.33548938,0.67351083,0.40848021,0.24987979,0.53882433,0.30649912,0.12151432,0.53706939,,,,,,,,,,,,,,,,
1.8,0.36333333,0.41663153,0.66301623,0.2618063,0.46938148,0.8002995,0.26246516,0.56220396,0.37791737,0.2238312,0.61408412,0.28041348,0.12918202,0.44653699,,,,,,,,,,,,,,,,
1.9,0.34421053,0.36911332,0.59295293,0.22977312,0.39841465,0.68486306,0.22299858,0.47772919,0.36693948,0.19117142,0.63404611,0.25048397,0.13471615,0.32977062,,,,,,,,,,,,,,,,
2,0.327,0.32262992,0.51345241,0.20272583,0.33461657,0.49824914,0.19263444,0.38333109,0.39406507,0.15997106,0.63085982,0.22373029,0.13783356,0.27100818,,,,,,,,,,,,,,,,
2.2,0.29727273,0.24362031,0.36035281,0.16470208,0.25160008,0.3526578,0.1662104,0.27463726,0.36455034,0.12840735,0.40277553,0.15664988,0.15872375,0.17999071,,,,,,,,,,,,,,,,
2.4,0.2725,0.21475622,0.30060446,0.15342498,0.2613865,0.27370363,0.16293624,0.2011357,0.33538148,0.11575309,0.31637376,0.16275674,0.16425226,0.15388282,,,,,,,,,,,,,,,,
2.5,0.2616,0.20318793,0.2848162,0.14495431,0.2665328,0.24731804,0.14958104,0.2019603,0.3200031,0.10166469,0.2848799,0.15145713,0.16309164,0.14539067,,,,,,,,,,,,,,,,
2.6,0.25153846,0.1977514,0.27927154,0.14002721,0.28734128,0.23850908,0.13349257,0.2079444,0.30276326,0.09379659,0.26128739,0.15037405,0.16062949,0.14137587,,,,,,,,,,,,,,,,
2.8,0.23357143,0.18041545,0.26004165,0.12517123,0.27670256,0.18988837,0.11236017,0.24589336,0.26772302,0.06854949,0.21071745,0.13875403,0.15599212,0.13757392,,,,,,,,,,,,,,,,
3,0.218,0.1526009,0.21864456,0.10650635,0.18350772,0.15639712,0.10209927,0.25462001,0.21483037,0.05932945,0.18131693,0.11108304,0.14063994,0.12218512,,,,,,,,,,,,,,,,
3.2,0.204375,0.13686307,0.19173216,0.09769619,0.16782177,0.12587132,0.09591589,0.23468373,0.16706858,0.06420331,0.16625909,0.10308002,0.13443558,0.10929144,,,,,,,,,,,,,,,,
3.4,0.19235294,0.1326944,0.18699658,0.0941611,0.16986116,0.09873038,0.10990727,0.21849574,0.13725445,0.05421728,0.18672545,0.09929812,0.12804553,0.12440865,,,,,,,,,,,,,,,,
3.5,0.18685714,0.1293834,0.18463118,0.09066759,0.1570541,0.08747189,0.1109046,0.21948615,0.12849097,0.05689259,0.19062809,0.09630413,0.12537386,0.1212276,,,,,,,,,,,,,,,,
3.6,0.18166667,0.12603867,0.18202708,0.08727133,0.14188939,0.0851181,0.11596109,0.2226523,0.12231512,0.05683608,0.1894687,0.09389519,0.12086939,0.11138132,,,,,,,,,,,,,,,,
3.8,0.17210526,0.12030555,0.17442685,0.08297705,0.13053844,0.08191942,0.11848559,0.22633089,0.11334531,0.05764565,0.16220213,0.08355449,0.11534349,0.11369006,,,,,,,,,,,,,,,,
4,0.1635,0.11716923,0.16541691,0.0829941,0.12305521,0.0827894,0.11008793,0.20926494,0.10421986,0.05744824,0.16500994,0.09527264,0.10856784,0.11597627,,,,,,,,,,,,,,,,
4.2,0.15571429,0.11004362,0.15452268,0.07836778,0.10546848,0.07857427,0.10169989,0.19875209,0.09562043,0.05826887,0.15358353,0.10925742,0.10051008,0.09870116,,,,,,,,,,,,,,,,
4.4,0.14863636,0.10160223,0.14803765,0.06973236,0.0855297,0.0668502,0.09999137,0.19634456,0.09239295,0.05321818,0.14100858,0.09205569,0.09278776,0.09584335,,,,,,,,,,,,,,,,
4.6,0.14217391,0.09161151,0.13806627,0.06078725,0.07713033,0.05486258,0.0984448,0.18662693,0.08715747,0.04739414,0.12233769,0.068887,0.08617105,0.08710311,,,,,,,,,,,,,,,,
4.8,0.13625,0.08481699,0.13047595,0.05513599,0.07663994,0.04903046,0.09530376,0.18249718,0.07958447,0.04411168,0.09824202,0.06443649,0.08008021,0.07824366,,,,,,,,,,,,,,,,
5,0.1308,0.08094535,0.12521756,0.05232613,0.07470884,0.04648644,0.09392874,0.17770614,0.08145018,0.04590354,0.08045467,0.06159551,0.07489332,0.07232613,,,,,,,,,,,,,,,,
5.5,0.11890909,0.07899453,0.12717637,0.04906679,0.06394981,0.04571792,0.0967578,0.18241908,0.07248356,0.04635285,0.07317285,0.0856152,0.06515136,0.05832491,,,,,,,,,,,,,,,,
6,0.109,0.07597403,0.13726876,0.04204928,0.06018464,0.04051629,0.10121606,0.19956421,0.06919735,0.04117388,0.06826174,0.08015251,0.05562001,0.04385356,,,,,,,,,,,,,,,,
6.5,0.10061538,0.07190119,0.16036175,0.03223824,0.04150876,0.0292266,0.10084286,0.23379242,0.06062742,0.03533314,0.05962722,0.07238396,0.05199084,0.03367868,,,,,,,,,,,,,,,,
7,0.09342857,0.07059798,0.19701655,0.02529774,0.0309325,0.02738273,0.10080753,0.27840031,0.04901258,0.02996405,0.04844143,0.06263849,0.0517924,0.02660775,,,,,,,,,,,,,,,,
7.5,0.0872,0.0667033,0.21369794,0.02082065,0.03118148,0.02619521,0.09169473,0.29278582,0.04566269,0.02639069,0.04130616,0.03913918,0.04972857,0.02294846,,,,,,,,,,,,,,,,
8,0.08175,0.06277937,0.20954418,0.01880868,0.03231099,0.02163504,0.08431644,0.28361612,0.03987738,0.03229152,0.03945891,0.02560592,0.04858965,0.02009176,,,,,,,,,,,,,,,,
8.5,0.07241522,0.05721178,0.19340722,0.01692381,0.02956179,0.01917205,0.07865891,0.26022062,0.02983517,0.03249176,0.03530257,0.02248975,0.04596463,0.01842051,,,,,,,,,,,,,,,,
9,0.06459259,0.05013175,0.17029498,0.01475788,0.02576151,0.01820094,0.07198411,0.22805016,0.02215862,0.02592704,0.0310424,0.02003194,0.04156976,0.01659106,,,,,,,,,,,,,,,,
9.5,0.0579723,0.04329105,0.14787343,0.01267378,0.02263279,0.01518855,0.06270896,0.19746549,0.01876307,0.01916193,0.0260245,0.01808014,0.03720438,0.01568071,,,,,,,,,,,,,,,,
10,0.05232,0.03708807,0.13055158,0.01053626,0.01871117,0.01171698,0.05128142,0.1729635,0.01644332,0.01497616,0.0205996,0.01677937,0.03325085,0.01415835,,,,,,,,,,,,,,,,
11,0.04323967,0.02781832,0.09294819,0.0083257,0.01287122,0.01128521,0.03716037,0.12567771,0.01279699,0.0100925,0.01498061,0.01429059,0.02566636,0.01336168,,,,,,,,,,,,,,,,
12,0.03633333,0.02307813,0.07158554,0.00744005,0.01030717,0.01314996,0.02922551,0.09962441,0.01045826,0.00917403,0.01220371,0.0131422,0.01961745,0.01387862,,,,,,,,,,,,,,,,
13,0.03095858,0.01921283,0.05733079,0.00643865,0.00889909,0.01339793,0.02311243,0.08097437,0.00872026,0.00913678,0.01027784,0.00955554,0.01535968,0.0126944,,,,,,,,,,,,,,,,
14,0.02669388,0.01583541,0.04509598,0.00556059,0.00765867,0.01217167,0.01829204,0.0645589,0.00730823,0.0097102,0.00925289,0.0059487,0.01246598,0.01098684,,,,,,,,,,,,,,,,
15,0.02325333,0.01317232,0.03663938,0.00473562,0.00638598,0.01011266,0.01463769,0.05283626,0.00615161,0.00974593,0.00784768,0.00483792,0.01006416,0.00910332,,,,,,,,,,,,,,,,
20,0.01308,0.00633224,0.0166404,0.00240963,0.00269957,0.00448168,0.00693287,0.02430319,0.00325403,0.00525616,0.00313923,0.00326194,0.00447213,0.00552159,,,,,,,,,,,,,,,,
,,,,,,,,,,,,,,,,,,,,,,,,,,,,,,
 -- Unscaled Horizontal & Vertical Spectra, as recorded --,,,,,,,,,,,,,,,,,,,,,,,,,,,,,
Period (sec),RSN-864 Horizontal-1 pSa (g),RSN-864 Horizontal-2 pSa (g),RSN-864 Vertical pSa (g),RSN-881 Horizontal-1 pSa (g),RSN-881 Horizontal-2 pSa (g),RSN-881 Vertical pSa (g),RSN-1614 Horizontal-1 pSa (g),RSN-1614 Horizontal-2 pSa (g),RSN-1614 Vertical pSa (g),RSN-1616 Horizontal-1 pSa (g),RSN-1616 Horizontal-2 pSa (g),RSN-1616 Vertical pSa (g),RSN-1633 Horizontal-1 pSa (g),RSN-1633 Horizontal-2 pSa (g),RSN-1633 Vertical pSa (g),RSN-3753 Horizontal-1 pSa (g),RSN-3753 Horizontal-2 pSa (g),RSN-3753 Vertical pSa (g),RSN-3757 Horizontal-1 pSa (g),RSN-3757 Horizontal-2 pSa (g),RSN-3757 Vertical pSa (g),RSN-3759 Horizontal-1 pSa (g),RSN-3759 Horizontal-2 pSa (g),RSN-3759 Vertical pSa (g),RSN-6915 Horizontal-1 pSa (g),RSN-6915 Horizontal-2 pSa (g),RSN-6915 Vertical pSa (g),RSN-6971 Horizontal-1 pSa (g),RSN-6971 Horizontal-2 pSa (g),RSN-6971 Vertical pSa (g)
0.01,0.2756784,0.2844907,0.182,0.2231011,0.1643273,0.164,0.1023435,0.1335412,0.0535,0.04447913,0.02858253,0.0227,0.5260827,0.5014857,0.545,0.2159494,0.2071164,0.102,0.1389522,0.1387266,0.0995,0.1231195,0.1242377,0.109,0.5786029,0.6324583,0.305,0.1602199,0.1600687,0.104
0.02,0.2783601,0.2858758,0.183,0.2252986,0.1665715,0.188,0.1019841,0.132091,0.054,0.04460143,0.02837586,0.0226,0.5300136,0.5023213,0.546,0.2166193,0.2096641,0.108,0.1402609,0.1416737,0.106,0.1247549,0.1296737,0.116,0.5910082,0.6430328,0.339,0.1601184,0.1606456,0.111
0.022,0.2784233,0.286416,0.195,0.2255127,0.168822,0.21,0.1022631,0.1321263,0.0543,0.04480202,0.02841893,0.0226,0.5559552,0.5288107,0.566,0.2174125,0.2084961,0.11,0.1410463,0.1419219,0.122,0.1237307,0.1324843,0.117,0.6422186,0.6454069,0.337,0.1614537,0.1613444,0.11
0.025,0.2758313,0.2871366,0.204,0.224134,0.1698009,0.227,0.1018217,0.1332712,0.0532,0.04473205,0.02831757,0.0225,0.5939077,0.60042,0.644,0.2169491,0.2098112,0.109,0.1409187,0.1432913,0.133,0.1261558,0.1351152,0.118,0.6450236,0.6458887,0.333,0.1610243,0.1611049,0.114
0.029,0.2767652,0.2852995,0.216,0.2261273,0.1654271,0.246,0.1033074,0.1332947,0.0616,0.0457023,0.02838136,0.0222,0.5918179,0.6404056,0.575,0.2181745,0.2108541,0.109,0.1417088,0.1421545,0.175,0.1237455,0.1354432,0.124,0.647865,0.6511048,0.363,0.162333,0.160318,0.132
0.03,0.2765513,0.2860042,0.217,0.2275188,0.1667823,0.253,0.1036129,0.1329069,0.0613,0.0454422,0.02845481,0.0224,0.6432602,0.6335351,0.599,0.2173583,0.2109399,0.107,0.1436724,0.1420099,0.183,0.1267235,0.1418343,0.123,0.6562501,0.6486554,0.385,0.1623621,0.1616866,0.139
0.032,0.2772699,0.2854717,0.21,0.229067,0.1672909,0.288,0.1043878,0.1313842,0.0604,0.04600225,0.02815061,0.0233,0.6384428,0.6281943,0.612,0.2191701,0.2114155,0.11,0.1469883,0.1452368,0.192,0.1321878,0.1431183,0.122,0.6359763,0.6827398,0.374,0.1659362,0.1644359,0.159
0.035,0.2778255,0.2859697,0.193,0.2366443,0.1640644,0.299,0.1039435,0.1358547,0.0633,0.04645716,0.02926675,0.0271,0.5903909,0.5434061,0.603,0.2187232,0.2120812,0.113,0.144089,0.1436801,0.242,0.135516,0.1460607,0.135,0.6747634,0.718127,0.426,0.1677781,0.1667381,0.187
0.036,0.2782043,0.2864025,0.188,0.2403021,0.1684227,0.309,0.1045031,0.1368073,0.0661,0.04623184,0.02927142,0.0279,0.596225,0.5712018,0.589,0.217316,0.2103347,0.114,0.1439372,0.1424959,0.249,0.1364967,0.1445411,0.136,0.6850181,0.7225255,0.436,0.1663049,0.1662601,0.201
0.04,0.2749841,0.2866703,0.185,0.2452919,0.1739664,0.374,0.1070109,0.1369431,0.0817,0.04514007,0.03032157,0.0333,0.5867854,0.5530348,0.59,0.2191759,0.2137324,0.127,0.1485552,0.1423979,0.21,0.1382253,0.1582652,0.173,0.6784679,0.7131616,0.486,0.1686318,0.1631197,0.247
0.042,0.2777148,0.2870839,0.182,0.2448875,0.1830682,0.421,0.1082481,0.1372196,0.0986,0.04552541,0.03052903,0.0395,0.5940158,0.5815844,0.597,0.2206833,0.2130191,0.138,0.1481107,0.142822,0.186,0.1383692,0.170817,0.18,0.712194,0.7582475,0.466,0.1660316,0.1614639,0.236
0.044,0.2805264,0.2876549,0.199,0.2449571,0.1857664,0.436,0.1112601,0.1364785,0.118,0.04713837,0.03125436,0.0434,0.6121947,0.6081474,0.612,0.2225882,0.217067,0.134,0.1406281,0.1404667,0.186,0.135972,0.1733078,0.201,0.7226106,0.7537804,0.516,0.1683259,0.1669965,0.263
0.045,0.2808087,0.2874292,0.206,0.2524784,0.1811483,0.43,0.1105859,0.1380493,0.122,0.04792631,0.03324761,0.044,0.6303685,0.5891487,0.63,0.2234429,0.2195168,0.145,0.1403966,0.1358222,0.191,0.1339716,0.1746922,0.201,0.7120427,0.7396162,0.544,0.1683357,0.1669389,0.275
0.046,0.2802526,0.287385,0.212,0.2578306,0.1762117,0.474,0.1089805,0.1384488,0.125,0.04839442,0.03438144,0.0422,0.6759795,0.606053,0.653,0.2233932,0.2229241,0.162,0.1471097,0.1403128,0.194,0.1326924,0.1760732,0.204,0.7008393,0.7788221,0.563,0.1673342,0.1666095,0.27
0.048,0.2789651,0.2867229,0.243,0.2608634,0.1731771,0.518,0.1068688,0.1340884,0.127,0.04896547,0.03395656,0.0425,0.6891776,0.6974077,0.701,0.2233198,0.2299714,0.176,0.1620523,0.1457938,0.204,0.1283418,0.1689741,0.22,0.7078195,0.8455997,0.519,0.1653847,0.1682064,0.26
0.05,0.2790942,0.285816,0.276,0.2511469,0.1673549,0.476,0.1090138,0.1369883,0.126,0.04900712,0.03368697,0.0439,0.7611849,0.7347803,0.723,0.2232043,0.2321483,0.166,0.1739643,0.1502742,0.228,0.1225542,0.1706976,0.219,0.7485466,0.861239,0.506,0.1672563,0.1726018,0.262
0.055,0.2799681,0.2879942,0.299,0.2345318,0.1748106,0.373,0.109455,0.1597231,0.0923,0.05018499,0.03832589,0.0588,1.063649,0.8805639,0.828,0.2199123,0.2362294,0.127,0.171147,0.169936,0.278,0.1373983,0.1728818,0.207,0.8033991,0.7926602,0.569,0.1662205,0.1783985,0.209
0.06,0.2810394,0.291545,0.277,0.2460372,0.1738901,0.455,0.1274387,0.1583393,0.0987,0.04817117,0.03338229,0.0431,0.9482766,0.998839,0.9,0.217298,0.2382626,0.147,0.1644732,0.1878226,0.23,0.1454759,0.1753343,0.258,0.7592486,0.8508837,0.733,0.1649351,0.1755616,0.223
0.065,0.281945,0.2857085,0.332,0.2510081,0.180316,0.392,0.1374678,0.1585746,0.111,0.04708045,0.03440414,0.0413,0.9775038,1.325223,0.979,0.2154555,0.2353041,0.166,0.1787581,0.2006716,0.216,0.1562203,0.1770072,0.34,0.8208274,0.9934648,0.712,0.1637793,0.1959672,0.206
0.067,0.2816347,0.2854581,0.352,0.2470252,0.1832539,0.425,0.1391499,0.1548961,0.11,0.04812987,0.03672403,0.0448,0.9476262,1.42648,0.971,0.2232844,0.2315973,0.174,0.1894491,0.2038715,0.215,0.1602738,0.181274,0.333,0.9281752,0.9741936,0.712,0.1671019,0.201075,0.213
0.07,0.2821853,0.2950678,0.364,0.2456298,0.1836483,0.47,0.1391668,0.1545129,0.093,0.04777003,0.04029962,0.0428,0.9383732,1.360651,1.09,0.2345275,0.2319835,0.172,0.2158108,0.2048874,0.213,0.184687,0.2152339,0.347,1.053953,0.9424049,0.687,0.1710248,0.200785,0.236
0.075,0.2765255,0.2986759,0.329,0.235452,0.1801545,0.538,0.1260045,0.1602104,0.0689,0.05049418,0.04599399,0.0398,1.054981,1.402752,1.26,0.2365498,0.2539648,0.201,0.2079171,0.2025481,0.269,0.2283237,0.2370412,0.283,0.9944926,1.021564,0.701,0.189953,0.2149808,0.264
0.08,0.2791328,0.2907688,0.377,0.2253772,0.1806806,0.452,0.1295467,0.1678344,0.0716,0.05236641,0.04648998,0.0351,1.031385,1.669766,1.46,0.2453409,0.2551843,0.257,0.2239109,0.21212,0.3,0.2132376,0.2451288,0.295,1.003192,1.007194,0.725,0.2046904,0.2174458,0.27
0.085,0.290417,0.29072,0.401,0.2359061,0.1826093,0.529,0.1381351,0.1667932,0.0768,0.05058387,0.04237864,0.033,1.063287,2.083946,1.33,0.2762298,0.261621,0.247,0.2437681,0.2676788,0.336,0.2233984,0.2727683,0.306,1.106108,0.9586197,0.712,0.2047171,0.2455854,0.241
0.09,0.2901889,0.2899879,0.333,0.2299611,0.186938,0.569,0.165718,0.154733,0.078,0.05422663,0.0370976,0.0348,1.05372,1.95373,1.18,0.2842315,0.2737861,0.226,0.2480368,0.3228637,0.312,0.2242871,0.3106016,0.328,1.039578,1.029946,0.694,0.2348709,0.2661103,0.225
0.095,0.2857885,0.2870808,0.323,0.2502708,0.1911795,0.579,0.1553864,0.1456909,0.0752,0.05877612,0.0409622,0.0369,1.193933,1.391177,1.47,0.2962067,0.3130296,0.237,0.2903159,0.341272,0.311,0.271938,0.3596167,0.363,1.034115,1.062635,0.827,0.2464188,0.2878439,0.264
0.1,0.2792116,0.3108817,0.329,0.2508641,0.1767865,0.62,0.1578758,0.1768666,0.0784,0.05466449,0.04182016,0.0377,1.1269,1.242651,1.37,0.3294471,0.2809022,0.212,0.2721937,0.3180473,0.307,0.2900321,0.3252866,0.358,1.203297,1.114982,0.946,0.2195262,0.3390436,0.267
0.11,0.2894749,0.3730231,0.454,0.2939312,0.1694962,0.693,0.1612802,0.1954788,0.0814,0.05341694,0.04984228,0.0469,1.26118,1.474878,1.45,0.3266486,0.3623154,0.21,0.279523,0.2534395,0.284,0.3572309,0.3368075,0.397,1.538601,1.393314,0.993,0.2475947,0.3215031,0.193
0.12,0.2965219,0.3421811,0.422,0.3272962,0.1819526,0.654,0.2027509,0.1917445,0.0805,0.05721987,0.04447447,0.0507,1.469658,1.836965,1.5,0.313473,0.3187913,0.194,0.2497448,0.2683551,0.32,0.4075095,0.3284736,0.434,1.354364,1.120385,1.04,0.2761304,0.2630701,0.21
0.13,0.2904926,0.3614019,0.436,0.3257785,0.1976755,0.52,0.2248168,0.2168231,0.107,0.05169864,0.04163406,0.0455,1.390896,1.880616,1.75,0.3624873,0.3255401,0.186,0.2839923,0.275324,0.229,0.3521642,0.3285911,0.444,1.952759,1.588173,0.875,0.2895256,0.3170888,0.25
0.133,0.2909296,0.3759847,0.442,0.3286286,0.1933016,0.533,0.207385,0.2191056,0.117,0.049797,0.0459579,0.0501,1.608433,1.845456,1.73,0.3674453,0.3251285,0.178,0.2665852,0.3000015,0.219,0.3335083,0.3195018,0.399,2.037606,1.703737,0.901,0.2945605,0.3395366,0.274
0.14,0.2994456,0.3876985,0.485,0.325324,0.1762755,0.471,0.2166959,0.2389755,0.125,0.05109741,0.0541028,0.0492,1.79725,1.62361,1.49,0.3778503,0.383814,0.174,0.2795406,0.3491915,0.246,0.2997796,0.3544958,0.284,1.939328,1.685817,1,0.3027537,0.3590818,0.268
0.15,0.2775732,0.36766,0.631,0.322136,0.2020305,0.349,0.2360883,0.2516801,0.109,0.053668,0.04923358,0.0516,1.979883,1.543901,1.44,0.3758814,0.4567307,0.196,0.278385,0.3640166,0.266,0.3083147,0.2944492,0.29,1.748333,1.344203,0.843,0.2876823,0.366962,0.205
0.16,0.3465737,0.4481187,0.742,0.333388,0.2245044,0.35,0.3091065,0.2939799,0.13,0.050169,0.05690563,0.0546,2.079983,1.37831,1.74,0.4005888,0.4868788,0.243,0.2988008,0.3789126,0.286,0.2995304,0.2826045,0.23,1.502688,1.614774,0.873,0.3077121,0.3989273,0.184
0.17,0.373467,0.4703015,0.677,0.3419961,0.2302335,0.328,0.3606476,0.2686988,0.141,0.05374089,0.05253582,0.0572,1.881151,1.45565,1.97,0.3972072,0.5694168,0.267,0.3300372,0.3915987,0.287,0.3082985,0.3049802,0.195,1.473698,1.613525,0.679,0.2965776,0.4112776,0.182
0.18,0.4129794,0.517453,0.59,0.4067311,0.2405293,0.311,0.3051153,0.2972807,0.141,0.05830004,0.05355033,0.0586,1.973588,1.511106,1.76,0.4117786,0.642756,0.255,0.3449933,0.3822212,0.273,0.2905328,0.2965244,0.189,1.822952,1.510068,0.683,0.3184894,0.4172807,0.17
0.19,0.4395402,0.5569593,0.554,0.4072247,0.266635,0.28,0.305387,0.2962532,0.173,0.06682952,0.05423756,0.0565,1.767726,1.406963,1.45,0.5317912,0.6717082,0.251,0.3336673,0.3517416,0.235,0.2802524,0.2791104,0.242,2.232471,1.623321,0.652,0.3430385,0.376516,0.185
0.2,0.4142703,0.4840455,0.515,0.4123805,0.2489975,0.285,0.3647892,0.3579783,0.18,0.07945912,0.05373411,0.0516,1.68392,1.395754,1.25,0.6002156,0.7348228,0.243,0.3195923,0.3300006,0.234,0.2806728,0.3567759,0.269,1.896596,1.689826,0.654,0.3458305,0.3674571,0.199
0.22,0.4051001,0.6425666,0.532,0.4063944,0.2805717,0.241,0.3233923,0.5281617,0.146,0.09318315,0.064434,0.0385,1.30813,1.309664,1.08,0.5417438,0.5683053,0.212,0.3254361,0.3835784,0.258,0.3806488,0.3602036,0.239,1.477767,1.622953,0.462,0.4781443,0.3890352,0.223
0.24,0.5257788,0.7237535,0.454,0.3801258,0.2881431,0.205,0.2965059,0.4786308,0.107,0.0747406,0.06399037,0.0365,1.209944,1.031817,0.899,0.5008103,0.5322418,0.171,0.3447637,0.4382211,0.351,0.3705943,0.313614,0.274,1.231419,1.66398,0.404,0.715704,0.4313665,0.212
0.25,0.5041127,0.7553883,0.401,0.4341497,0.2534644,0.218,0.3471186,0.4667217,0.0946,0.06637945,0.06076124,0.0375,1.219363,1.116953,0.936,0.5492263,0.4967448,0.17,0.3722907,0.3672557,0.34,0.3994053,0.3134333,0.238,1.148337,1.693164,0.454,0.7022471,0.435955,0.233
0.26,0.5601562,0.6666256,0.339,0.4644166,0.265,0.214,0.3572228,0.4195211,0.105,0.07748608,0.06361642,0.0399,1.210658,1.213857,1.09,0.5452196,0.5712774,0.173,0.342429,0.3196197,0.303,0.4447588,0.3178935,0.263,0.9555534,1.572426,0.413,0.6298872,0.4296449,0.269
0.28,0.5756943,0.6210711,0.391,0.4411492,0.2802583,0.197,0.319892,0.4210324,0.0984,0.07935534,0.07000514,0.0293,1.118014,1.317252,1.18,0.6721744,0.8056387,0.178,0.283558,0.2919193,0.227,0.4308385,0.2209792,0.21,0.9564626,1.550209,0.297,0.4505988,0.380957,0.287
0.29,0.6273697,0.6461812,0.404,0.4410823,0.3431872,0.192,0.3590205,0.5015273,0.0998,0.07812054,0.06587578,0.0265,1.129317,1.38133,1.25,0.8098299,0.9225602,0.201,0.2808011,0.2888611,0.241,0.4060626,0.1874858,0.18,1.103119,1.647251,0.26,0.4207697,0.3970281,0.296
0.3,0.6796204,0.7042232,0.399,0.4178452,0.362744,0.181,0.4296996,0.5602426,0.123,0.0755602,0.06083135,0.0289,1.135605,1.384618,1.19,0.8435397,1.0439,0.209,0.2797081,0.2885183,0.23,0.3922226,0.1830942,0.187,1.188333,1.609007,0.255,0.3481885,0.3808346,0.326
0.32,0.7150138,0.8072658,0.5,0.3957056,0.340247,0.134,0.4888223,0.6702809,0.158,0.0592329,0.06355718,0.0307,1.134263,1.182037,1.04,0.7647058,0.926583,0.193,0.3047552,0.3182799,0.184,0.3631611,0.2127884,0.199,1.764755,1.63967,0.222,0.317639,0.5051842,0.394
0.34,0.6012318,0.6641945,0.518,0.4132129,0.2962344,0.133,0.3788355,0.6719068,0.152,0.05739542,0.06154817,0.0346,1.203122,1.517748,0.807,0.6148548,0.8172674,0.211,0.2917008,0.3110022,0.165,0.2667027,0.2066207,0.165,1.908034,1.551638,0.248,0.4283258,0.5935902,0.379
0.35,0.5715338,0.590454,0.503,0.460589,0.2663932,0.137,0.3139388,0.628774,0.142,0.05892804,0.06134087,0.0343,1.234424,1.485902,0.791,0.5693243,0.7882494,0.214,0.276812,0.3247159,0.164,0.2786806,0.1952463,0.135,2.02478,1.448489,0.263,0.415049,0.5407749,0.396
0.36,0.594868,0.5115881,0.475,0.5148335,0.2685359,0.129,0.2697657,0.5591056,0.132,0.05813075,0.0555291,0.0345,1.213422,1.335324,0.819,0.5100783,0.7276024,0.224,0.2615531,0.3181308,0.169,0.2845837,0.1733955,0.13,1.964137,1.36708,0.268,0.3718753,0.4733114,0.391
0.38,0.6212974,0.4433203,0.546,0.5550542,0.3073054,0.124,0.2154786,0.4140484,0.108,0.05543651,0.04734772,0.0289,1.144373,1.000816,0.732,0.4900807,0.5363919,0.257,0.2327662,0.297933,0.156,0.2310001,0.1480155,0.138,1.4685,1.034132,0.237,0.3666085,0.4009515,0.372
0.4,0.7377215,0.4771004,0.567,0.5829093,0.3089737,0.136,0.2007488,0.308816,0.102,0.06150537,0.04930171,0.0268,1.078269,1.007185,0.679,0.4528571,0.4110577,0.254,0.2444405,0.3090925,0.143,0.2158391,0.1507412,0.106,0.9883723,0.8830761,0.19,0.3448658,0.3725636,0.308
0.42,0.7823038,0.4551857,0.564,0.5937731,0.3303049,0.142,0.1999855,0.2630829,0.101,0.07283385,0.05210035,0.0304,0.9657459,0.8791509,0.659,0.4600022,0.3664119,0.327,0.2143856,0.2682779,0.137,0.2298971,0.1566239,0.0941,0.8309534,0.682773,0.193,0.4146033,0.3351807,0.327
0.44,0.7066074,0.4450408,0.487,0.6072531,0.3101642,0.14,0.1761034,0.2552306,0.105,0.08450582,0.0525549,0.0331,0.8586475,0.8692299,0.62,0.5071415,0.4230222,0.318,0.1842204,0.2624804,0.135,0.2055607,0.1536187,0.106,0.749895,0.5423478,0.175,0.4850576,0.3366717,0.32
0.45,0.6796914,0.4542085,0.499,0.6165369,0.3350856,0.13,0.160626,0.2535724,0.109,0.08593906,0.05110841,0.034,0.7957623,0.9137652,0.59,0.5108171,0.4265271,0.285,0.1930814,0.2716027,0.129,0.1864289,0.1535265,0.109,0.7799904,0.5088599,0.169,0.4851584,0.3577614,0.288
0.46,0.7249777,0.4528314,0.5,0.6123403,0.3784569,0.134,0.1804921,0.2520702,0.107,0.08575667,0.04783437,0.0331,0.7325432,0.93982,0.543,0.490273,0.4056099,0.25,0.2018954,0.2789134,0.126,0.1954473,0.1528903,0.108,0.7842829,0.4860606,0.168,0.4803646,0.3832734,0.266
0.48,0.7577886,0.4207554,0.502,0.6518615,0.4081212,0.137,0.2055792,0.2393595,0.108,0.0829861,0.04815767,0.0271,0.6765237,0.9175836,0.505,0.4532267,0.3645922,0.182,0.2374674,0.2590656,0.146,0.2075519,0.1562414,0.0932,0.7701046,0.4193867,0.16,0.485043,0.4078171,0.275
0.5,0.6830442,0.4210954,0.477,0.7775886,0.3810014,0.145,0.2079625,0.2147552,0.101,0.08003186,0.05095635,0.0248,0.6362801,0.9476469,0.513,0.4784207,0.3544959,0.184,0.2474744,0.2102652,0.135,0.1894117,0.1854761,0.098,0.8608236,0.3894557,0.208,0.4862536,0.4314985,0.265
0.55,0.4485966,0.4850271,0.386,1.020127,0.3599079,0.174,0.1498925,0.1306558,0.0821,0.07617427,0.04773595,0.0199,0.5592761,0.7835065,0.577,0.5147145,0.3794945,0.18,0.2516172,0.2534526,0.143,0.236253,0.3034792,0.158,0.8489347,0.4477367,0.195,0.488701,0.4506828,0.167
0.6,0.5503557,0.6037787,0.294,1.128719,0.3298971,0.186,0.09822422,0.102983,0.0645,0.07527815,0.05894098,0.023,0.6768752,0.6319045,0.517,0.6492279,0.3435382,0.156,0.2350745,0.2619826,0.105,0.2120394,0.2974645,0.119,0.6014314,0.4088665,0.144,0.3750484,0.4259611,0.115
0.65,0.6487209,0.8025851,0.262,0.9377721,0.373432,0.171,0.10061,0.1108651,0.0788,0.09063435,0.06047416,0.0218,0.7492633,0.532279,0.432,0.7114605,0.4600186,0.138,0.2068591,0.2277004,0.104,0.2742084,0.1957233,0.0712,0.4017623,0.350267,0.171,0.4379466,0.4855727,0.107
0.667,0.6554347,0.8701221,0.26,0.8683223,0.3465032,0.161,0.1107208,0.1141091,0.0792,0.09243289,0.05897419,0.0223,0.7615529,0.4813137,0.475,0.7661331,0.4975175,0.136,0.2090068,0.2079836,0.103,0.2949789,0.1603628,0.0763,0.3370898,0.3131588,0.146,0.4467965,0.4901873,0.0932
0.7,0.6636094,1.000237,0.303,0.7672168,0.2916527,0.192,0.1210409,0.09534952,0.0793,0.09332945,0.05905384,0.0196,0.8134103,0.4410818,0.477,0.8329003,0.5033463,0.126,0.2014832,0.1706646,0.0955,0.3189695,0.1160602,0.073,0.261398,0.2818758,0.11,0.4518481,0.3982998,0.0965
0.75,0.6786075,0.8715152,0.329,0.5724313,0.3292398,0.22,0.1241995,0.07317879,0.0509,0.09210002,0.05447695,0.0179,0.6683314,0.5877596,0.45,0.6823385,0.415654,0.107,0.1732691,0.1478167,0.0717,0.2991004,0.09728195,0.0735,0.2324831,0.2344687,0.0903,0.5308664,0.3477126,0.12
0.8,0.6629031,0.6854821,0.29,0.3797459,0.2516762,0.196,0.1445712,0.07675472,0.0646,0.1011017,0.0526064,0.0231,0.6400973,0.4998016,0.427,0.5035473,0.3616462,0.0813,0.145226,0.1853305,0.0788,0.280695,0.08017799,0.0717,0.2588697,0.201722,0.081,0.4925772,0.3753464,0.143
0.85,0.6887169,0.6103079,0.244,0.3278466,0.2242776,0.142,0.1620203,0.08919906,0.0704,0.1081228,0.04409114,0.0281,0.5773455,0.4031433,0.331,0.4344663,0.3294548,0.0772,0.1572746,0.2118332,0.0853,0.2362667,0.08046076,0.0599,0.257166,0.1451658,0.0751,0.4082758,0.4541024,0.117
0.9,0.6405607,0.5691758,0.185,0.3679179,0.171142,0.133,0.1643545,0.1072141,0.0585,0.1121504,0.03909067,0.0296,0.4543637,0.4425897,0.301,0.3930587,0.2646234,0.0674,0.1928338,0.1743148,0.102,0.1948193,0.08413336,0.0566,0.27049,0.1294774,0.0682,0.2885065,0.4169358,0.0961
0.95,0.5166181,0.5561822,0.209,0.3227975,0.2000881,0.142,0.1521341,0.09095362,0.0606,0.1108773,0.03375845,0.0251,0.3875226,0.5170711,0.327,0.278255,0.2358334,0.0549,0.236434,0.1639523,0.108,0.1688678,0.105923,0.0545,0.238119,0.1326247,0.0715,0.2608066,0.3490963,0.0868
1,0.4027443,0.5292192,0.174,0.2648181,0.1803943,0.138,0.1479032,0.07992546,0.0564,0.1038806,0.0281083,0.023,0.354223,0.5412611,0.371,0.2400279,0.2121778,0.0441,0.2274133,0.1431676,0.0946,0.145869,0.1141747,0.0528,0.2346318,0.1537779,0.0929,0.3061337,0.369468,0.1
1.1,0.4604493,0.6387524,0.161,0.2406773,0.1840609,0.124,0.120007,0.07987385,0.0436,0.08303502,0.02901581,0.0211,0.226424,0.4771459,0.393,0.1687359,0.1626662,0.0445,0.2310348,0.1158734,0.0816,0.09954988,0.1127538,0.0538,0.1777499,0.1257885,0.111,0.3230031,0.2959926,0.0786
1.2,0.5314828,0.5776064,0.198,0.2553967,0.1932235,0.0956,0.09580343,0.0882855,0.0571,0.07017528,0.02805615,0.0233,0.1622998,0.3498027,0.332,0.1325162,0.1326287,0.046,0.2280445,0.1030431,0.0871,0.06749113,0.07141881,0.0384,0.1340698,0.1090821,0.0865,0.2499193,0.2297995,0.0551
1.3,0.4450195,0.4814051,0.172,0.2699711,0.1703584,0.0886,0.0786593,0.1037532,0.0513,0.0686669,0.03426712,0.025,0.211613,0.3149995,0.363,0.114159,0.1198584,0.037,0.2119953,0.1083324,0.0679,0.05505839,0.06288749,0.0284,0.1085376,0.09444745,0.0621,0.226976,0.2215396,0.0531
1.4,0.26137,0.4141911,0.118,0.2923687,0.2070658,0.0795,0.08323013,0.09750789,0.0562,0.06334046,0.04039123,0.0315,0.2162782,0.4136255,0.345,0.08867916,0.09733871,0.0336,0.1810085,0.1209316,0.0653,0.05394123,0.04793588,0.0272,0.07882024,0.06513104,0.0472,0.2625212,0.2012334,0.0672
1.5,0.2167453,0.3702302,0.117,0.2902516,0.2644185,0.0889,0.05742694,0.09185357,0.0655,0.05285668,0.05304517,0.0297,0.1868003,0.4546761,0.277,0.07924754,0.1174572,0.0336,0.2015215,0.1142398,0.0595,0.05340244,0.04343268,0.0316,0.06324182,0.05286657,0.0347,0.2451241,0.1870813,0.058
1.6,0.1907351,0.3621568,0.115,0.2840254,0.3064771,0.12,0.05758891,0.09206127,0.0547,0.05310417,0.05242413,0.0323,0.1790697,0.4759651,0.169,0.0690929,0.1228106,0.0244,0.1524301,0.09753096,0.0688,0.05364627,0.04984414,0.0328,0.07181467,0.04715218,0.033,0.2163169,0.1399814,0.0493
1.7,0.189779,0.3124781,0.0918,0.2571873,0.2810046,0.121,0.04984162,0.06604799,0.0359,0.04018368,0.04047109,0.0218,0.1566917,0.4655077,0.149,0.05873175,0.09618054,0.0217,0.1511287,0.1097406,0.0627,0.05302697,0.05665231,0.0357,0.08071642,0.04191541,0.0326,0.1959772,0.1504715,0.0405
1.8,0.1785184,0.2712034,0.0796,0.2160428,0.3332927,0.101,0.03866448,0.05191784,0.0276,0.03380404,0.03352126,0.0194,0.1539541,0.4275481,0.184,0.05162174,0.08674957,0.0224,0.1766924,0.1186915,0.0504,0.04584621,0.05420471,0.0324,0.08672067,0.04276047,0.0338,0.1610395,0.1275463,0.0335
1.9,0.1459328,0.2337865,0.0706,0.1887465,0.2826745,0.0778,0.03352408,0.04360133,0.0236,0.02985503,0.02729752,0.0182,0.1587479,0.4116742,0.201,0.04629075,0.07273673,0.0245,0.193394,0.1044038,0.0602,0.03975354,0.04940869,0.0258,0.09209232,0.04106223,0.0364,0.1220033,0.09017606,0.0335
2,0.1325914,0.1897236,0.061,0.157798,0.190388,0.0637,0.03297747,0.03420147,0.019,0.02469832,0.02106273,0.0153,0.1684227,0.4428958,0.207,0.04651204,0.05515179,0.0222,0.1966735,0.09558602,0.0592,0.03962434,0.0404757,0.0285,0.09714346,0.03473097,0.0376,0.09956715,0.07504014,0.0296
2.2,0.1053463,0.1385342,0.0568,0.1010996,0.1428714,0.0495,0.03185372,0.02580317,0.0169,0.01833463,0.01430654,0.012,0.2158963,0.3814951,0.17,0.0373187,0.04428343,0.0207,0.1214604,0.06883909,0.0481,0.0301139,0.02580758,0.0291,0.1151721,0.02913954,0.0447,0.06221342,0.05464618,0.0265
2.4,0.09572847,0.1533877,0.0571,0.08231108,0.1080607,0.0465,0.03056083,0.02609491,0.0186,0.013008,0.01099439,0.0126,0.2143177,0.341612,0.142,0.04116507,0.03210473,0.0225,0.09423674,0.05608362,0.0503,0.03213811,0.02578847,0.0291,0.119603,0.02844576,0.0408,0.04797085,0.05206367,0.0197
2.5,0.08184322,0.1652071,0.06,0.06313078,0.1052642,0.0403,0.02930599,0.02240943,0.02,0.01375395,0.01016351,0.012,0.2031738,0.3267703,0.145,0.03157908,0.03324181,0.0266,0.08625701,0.04806827,0.0454,0.0314879,0.02188243,0.029,0.1185172,0.02923822,0.0513,0.04303319,0.05120617,0.0179
2.6,0.08185907,0.1811229,0.06,0.06092803,0.1014874,0.0357,0.0269744,0.01887791,0.0203,0.01417695,0.01044369,0.0112,0.1756404,0.3188818,0.152,0.02798429,0.03172269,0.0265,0.07878168,0.04467785,0.0384,0.03239475,0.01999888,0.0279,0.1162764,0.03056921,0.0535,0.04570729,0.046272,0.0175
2.8,0.07305867,0.1769112,0.047,0.05295859,0.07795415,0.0352,0.02082499,0.01828326,0.018,0.01780546,0.01079428,0.00977,0.1310984,0.2940166,0.163,0.01810684,0.0250582,0.0168,0.05664565,0.04610944,0.0253,0.03092733,0.01665928,0.0295,0.1113702,0.03505411,0.0403,0.04554458,0.04394861,0.0202
3,0.04649236,0.1181169,0.0287,0.04451016,0.06358995,0.0321,0.016025,0.0194242,0.0149,0.01769417,0.01232016,0.00903,0.09918434,0.2385198,0.159,0.01814478,0.01966526,0.012,0.04692581,0.04180845,0.0193,0.02378119,0.01501237,0.0289,0.09713633,0.040564,0.0319,0.03231484,0.04599456,0.0193
3.2,0.03653437,0.1101883,0.0263,0.03644953,0.05073379,0.0299,0.01293853,0.01980442,0.0141,0.01526576,0.01272319,0.0112,0.08612208,0.1814926,0.162,0.02011407,0.02082886,0.0138,0.04355466,0.03773783,0.0185,0.02067369,0.01592659,0.0249,0.0913795,0.0421258,0.0317,0.02699947,0.04241572,0.0205
3.4,0.0421488,0.1096778,0.028,0.02933716,0.03924685,0.0284,0.01534563,0.02234514,0.0142,0.01300753,0.01315767,0.0104,0.08799469,0.1396248,0.159,0.0172223,0.01735747,0.0118,0.05457781,0.03479086,0.0192,0.01778608,0.01776669,0.0201,0.08514529,0.04399363,0.0326,0.02902475,0.04932911,0.0195
3.5,0.0429229,0.09979989,0.0295,0.02623506,0.03458823,0.0304,0.01677508,0.02160524,0.0141,0.01203977,0.0141589,0.0101,0.09050534,0.1252188,0.155,0.01765132,0.01862205,0.0113,0.05798913,0.03167557,0.0211,0.01488081,0.01931384,0.018,0.08328614,0.04323518,0.032,0.02688701,0.04886213,0.0188
3.6,0.04217927,0.08862351,0.0304,0.02665913,0.03276969,0.0313,0.01799456,0.02222983,0.0134,0.01109867,0.01524099,0.00925,0.092523,0.1143281,0.15,0.01828807,0.01796077,0.0114,0.05856585,0.02971826,0.0226,0.01355896,0.01952562,0.0163,0.08058676,0.04111256,0.0315,0.02234323,0.04611348,0.0179
3.8,0.04876531,0.07599688,0.0285,0.0318841,0.02522619,0.0293,0.01910589,0.02211192,0.0108,0.00938907,0.01670798,0.00891,0.09315974,0.09948061,0.136,0.01988188,0.01675126,0.0104,0.05051375,0.02468621,0.0194,0.01146062,0.01778019,0.0148,0.0781843,0.03661197,0.0298,0.01959435,0.04849447,0.0176
4,0.0419469,0.07406761,0.0279,0.02917852,0.02892863,0.0256,0.01810228,0.02023657,0.0112,0.00806705,0.01577751,0.00955,0.0873244,0.0898833,0.118,0.02073626,0.01553319,0.00836,0.05183613,0.0241754,0.014,0.00930529,0.02225328,0.0142,0.07378789,0.03403873,0.028,0.02175754,0.04871746,0.015
4.2,0.04032161,0.06080035,0.0249,0.02648282,0.02862477,0.0216,0.01566758,0.01958765,0.0119,0.00758575,0.01502353,0.0101,0.07870369,0.08381866,0.101,0.01945162,0.0176698,0.00847,0.04850862,0.02193085,0.0132,0.00727247,0.0266879,0.0123,0.06853918,0.031014,0.0268,0.01942458,0.04104329,0.0122
4.4,0.03681054,0.04631723,0.0195,0.02269494,0.02420126,0.0189,0.01552714,0.01915974,0.0125,0.00801114,0.01456884,0.00925,0.07078853,0.08562397,0.0882,0.01707305,0.01686914,0.00918,0.04230203,0.02448467,0.0132,0.00591962,0.02254171,0.0102,0.06349044,0.02814619,0.0252,0.01729362,0.04056015,0.00965
4.6,0.03432643,0.04084442,0.0152,0.01776316,0.02063611,0.0164,0.01520415,0.01893022,0.0125,0.00823729,0.0134867,0.00975,0.0623835,0.0842118,0.0784,0.01440133,0.01579474,0.00823,0.03371378,0.02572126,0.0109,0.00466554,0.0168047,0.00875,0.05852163,0.02711267,0.0237,0.01897549,0.03529448,0.00944
4.8,0.03158522,0.04257772,0.0138,0.0140244,0.01988592,0.0147,0.01368158,0.01911321,0.0122,0.0081181,0.01314952,0.0103,0.0552339,0.07814609,0.071,0.01194856,0.01590631,0.00721,0.0262163,0.02173286,0.00867,0.00377652,0.01587044,0.00738,0.0537811,0.02646107,0.0225,0.018479,0.03089103,0.00887
5,0.02851615,0.04309838,0.0144,0.01297885,0.01907432,0.0133,0.01206168,0.01977849,0.0117,0.00780908,0.01286302,0.0114,0.05456474,0.08133069,0.0666,0.01105607,0.01750283,0.00744,0.02313161,0.01557702,0.00899,0.003451,0.01520768,0.00612,0.04969066,0.0259444,0.0208,0.01742027,0.02834932,0.00767
5.5,0.02111536,0.03887104,0.0151,0.0094922,0.02060884,0.00968,0.012009,0.02062212,0.0126,0.00912822,0.01246133,0.013,0.04732883,0.07318683,0.0625,0.01264221,0.01664907,0.00863,0.02330872,0.0100005,0.0111,0.00305599,0.02145895,0.00512,0.04191544,0.02492102,0.0162,0.01584059,0.02165783,0.00635
6,0.01708579,0.03796383,0.0154,0.00653989,0.019015,0.00746,0.01558554,0.01950046,0.0124,0.01111041,0.01273296,0.0122,0.05581551,0.0617072,0.0576,0.01264548,0.01359813,0.00717,0.02132005,0.01026191,0.0114,0.00250772,0.02013691,0.00437,0.03480483,0.02284095,0.0146,0.01152697,0.01655772,0.00516
6.5,0.01439475,0.02484383,0.0119,0.00623987,0.0130944,0.00729,0.01758415,0.01758942,0.0127,0.01435847,0.0136295,0.0111,0.04330142,0.0586472,0.0478,0.01125312,0.0112825,0.00654,0.01763427,0.01078002,0.0107,0.00205997,0.01820952,0.00327,0.03292439,0.02074326,0.0123,0.00918316,0.0124793,0.00401
7,0.01195404,0.01774621,0.0112,0.00530433,0.01251212,0.00703,0.0184482,0.01666795,0.0119,0.01659396,0.01674511,0.00972,0.03004957,0.05069817,0.0425,0.01012109,0.00895448,0.00493,0.01397843,0.00930271,0.00672,0.00167303,0.01576988,0.00216,0.03352579,0.01946233,0.00973,0.00775717,0.00946931,0.00319
7.5,0.0095186,0.01935519,0.00962,0.00466764,0.01213386,0.0064,0.01747327,0.01435732,0.0117,0.01681791,0.01821632,0.00771,0.02600588,0.04835721,0.036,0.00906937,0.00770755,0.00512,0.01268873,0.00663274,0.00439,0.00134712,0.00981699,0.00176,0.0322599,0.01856561,0.00734,0.00749366,0.00743681,0.0029
8,0.00837968,0.02072011,0.00894,0.00422757,0.00987019,0.00565,0.01558985,0.01376255,0.011,0.01620448,0.01772547,0.00662,0.02658717,0.03990399,0.0286,0.01237224,0.00768236,0.0041,0.01254678,0.00544519,0.00285,0.00111551,0.00638603,0.00153,0.03211207,0.01707238,0.00567,0.00699043,0.00604748,0.00273
8.5,0.00738152,0.01906998,0.00798,0.00379741,0.00872447,0.00501,0.01453117,0.01285338,0.00955,0.01493486,0.01620171,0.00586,0.02071777,0.02928794,0.025,0.01254231,0.0075776,0.0041,0.01119818,0.00493338,0.00248,0.00097162,0.00561029,0.00133,0.03048542,0.01594492,0.00459,0.0065555,0.00537039,0.00276
9,0.00706298,0.01636049,0.00689,0.0033849,0.00837495,0.00477,0.01339878,0.01164785,0.00856,0.01277814,0.01447867,0.00525,0.01613859,0.02120064,0.0226,0.01029228,0.00554932,0.00406,0.00979294,0.00445836,0.00223,0.00087989,0.00499464,0.00116,0.02741127,0.01472094,0.0037,0.00599097,0.00472942,0.00283
9.5,0.00617913,0.01438474,0.00582,0.0030004,0.00691521,0.00534,0.01180498,0.00999241,0.00794,0.01107155,0.01253058,0.00499,0.01167338,0.01930672,0.0199,0.00693462,0.00515699,0.00332,0.00815734,0.00385113,0.00177,0.00080764,0.00450559,0.00101,0.02457494,0.01309612,0.00301,0.00598562,0.00402661,0.00279
10,0.00595211,0.01149326,0.00487,0.00265125,0.00517558,0.00457,0.00981568,0.00797623,0.00689,0.00966835,0.01100168,0.00447,0.00962957,0.01726863,0.0174,0.00500029,0.0045405,0.00246,0.00575043,0.00423281,0.00163,0.00073798,0.00418349,0.000887,0.02175669,0.0120845,0.00261,0.00558373,0.00335393,0.00267
11,0.00532769,0.00713345,0.00365,0.00206723,0.00520538,0.00349,0.00749841,0.00526997,0.00519,0.00673951,0.00823623,0.00332,0.00833529,0.01293447,0.0129,0.00345726,0.00296059,0.00179,0.0037914,0.00354807,0.00111,0.00059747,0.00356832,0.000701,0.01636699,0.01005846,0.00202,0.00520495,0.00327034,0.00229
12,0.00444308,0.00557607,0.00315,0.00162528,0.0063207,0.00381,0.00590141,0.00413878,0.00402,0.00538136,0.00649676,0.00264,0.0070916,0.01038508,0.00941,0.00331035,0.00248195,0.00182,0.00294896,0.00303273,0.000853,0.00047566,0.00329308,0.00057,0.01244001,0.00780021,0.00159,0.00545912,0.00331134,0.00198
13,0.00344708,0.0051001,0.00306,0.00131292,0.00651848,0.0033,0.004461,0.00354874,0.00328,0.00424849,0.005382,0.00203,0.00599848,0.00860031,0.00693,0.00348341,0.00220128,0.00156,0.0025969,0.00243882,0.000719,0.00038751,0.00238797,0.000477,0.00982728,0.00596585,0.00129,0.0048527,0.00324931,0.00155
14,0.00259595,0.00461811,0.00267,0.00116498,0.00592739,0.00282,0.00335016,0.00302156,0.00263,0.00333692,0.00433017,0.00173,0.00507901,0.00717127,0.00519,0.0037079,0.00233012,0.00105,0.00259722,0.00188177,0.000675,0.00032916,0.00146964,0.000407,0.00793505,0.0049085,0.00107,0.00397962,0.00311623,0.00128
15,0.00194954,0.00396389,0.00235,0.00103374,0.0049113,0.00198,0.00254044,0.00256507,0.00208,0.00262599,0.00362239,0.00144,0.0043208,0.00600376,0.00407,0.00354442,0.0025993,0.000955,0.0023181,0.00142333,0.00059,0.00029032,0.00118993,0.000354,0.00639041,0.0039882,0.000913,0.00305014,0.00286986,0.00108
20,0.00095451,0.00160499,0.000885,0.00059014,0.00214454,0.000676,0.00121579,0.00120233,0.000853,0.00103709,0.00177754,0.000571,0.00214052,0.00327536,0.00238,0.00103704,0.00213163,0.000962,0.00080758,0.00072928,0.000314,0.00018394,0.00080509,0.0002,0.0028448,0.00176393,0.000506,0.0017354,0.00185503,0.000678
